{
  "versions": [
    {
      "package_version": "0.1.3.3",
      "download_url": "https://github.com/MisterIbis/MMBN3_AP_Tracker/releases/download/0.1.3.3/MMBN3_AP_Tracker.zip",
      "sha256": "EEA02AB1AABF137D6453E582AB8D99E48327E6879FA6202BC399D44AB56D2238",
      "changelog": [
        "Resolved incorrect logical access for BeachNet -> Hospital Island BMD and Tamako's PC BMDs."
      ]
    },{
      "package_version": "0.1.3.2a",
      "download_url": "https://github.com/MisterIbis/MMBN3_AP_Tracker/releases/download/0.1.3.2/MMBN3_AP_Tracker.zip",
      "sha256": "c30c01b35f6bcfbf3ab3be38025060ad99e64ae9f9d06acbbc634c3d72b06204",
      "changelog": [
        "Removed nonexistent checks from initial beta tests",
        "Fixed logic for SciLab WWW BMD, Villain location",
		"BeachNet Logic exists now"
      ]
    },
    {
      "package_version": "0.1.3.0",
      "download_url": "https://github.com/MisterIbis/MMBN3_AP_Tracker/releases/download/0.1.3.0/MMBN3_AP_Tracker.zip",
      "sha256": "64c966e5a26bdc04a22a4466355825e8ded2287b6e80ed5f0337dca9b3741629",
      "changelog": [
        "Implemented Autotracking and Alpha logic"
      ]
    },
	{
      "package_version": "0.1.2.0",
      "download_url": "https://github.com/MisterIbis/MMBN3_AP_Tracker/releases/download/0.1.2.0/MMBN3_AP_Tracker.zip",
      "sha256": "e2907963fc771ccabfa8849c839174b1a41acbe387dbd200355cb0355176ce54",
      "changelog": [
        "Chocolate Shop added"
      ]
    },
	{
      "package_version": "0.1.1.0",
      "download_url": "https://github.com/MisterIbis/MMBN3_AP_Tracker/releases/download/0.1.1.0/MMBN3_AP_Tracker.zip",
      "sha256": "8e490808b355f6d03d29616e8f46b76838c1692dfe5e5aa9155138712d8376dd",
      "changelog": [
        "Chip trades now have logic",
		"added WWW Island map",
		"Higsby's Gatcha has approximate logic"
      ]
    },
	{
      "package_version": "0.1.0.0",
      "download_url": "https://github.com/MisterIbis/MMBN3_AP_Tracker/releases/download/0.1.0.0/MMBN3_AP_Tracker.zip",
      "sha256": "b4b685c04abb12d611a014608b8753a292b2d977c92dc7bdddd2129c81b72cbb",
      "changelog": [
        "Initial Stable release"
      ]
    }
  ]
}