[
    {
        "name": "Internet Rank",
        "type": "progressive",
        "allow_disabled": false,
        "stages": [
            {
                "img": "images/ranks/rank-0.png",
                "codes": "ranks"
            },
            {
                "img": "images/ranks/rank-1.png",
                "codes": "ranks"
            },
            {
                "img": "images/ranks/rank-2.png",
                "codes": "ranks"
            },
            {
                "img": "images/ranks/rank-3.png",
                "codes": "ranks"
            },
            {
                "img": "images/ranks/rank-4.png",
                "codes": "ranks"
            },
            {
                "img": "images/ranks/rank-5.png",
                "codes": "ranks"
            },
            {
                "img": "images/ranks/rank-6.png",
                "codes": "ranks"
            },
            {
                "img": "images/ranks/rank-7.png",
                "codes": "ranks"
            },
            {
                "img": "images/ranks/GigFreez.png",
                "codes": "ranks,GigFreez"
            }
        ]
    },
    {
        "name": "Ranks Required",
        "type": "progressive",
        "allow_disabled": false,
        "stages": [
            {
                "img": "images/ranks/rank-goal-0.png",
                "codes": "ranksRequired"
            },
            {
                "img": "images/ranks/rank-goal-1.png",
                "codes": "ranksRequired"
            },
            {
                "img": "images/ranks/rank-goal-2.png",
                "codes": "ranksRequired"
            },
            {
                "img": "images/ranks/rank-goal-3.png",
                "codes": "ranksRequired"
            },
            {
                "img": "images/ranks/rank-goal-4.png",
                "codes": "ranksRequired"
            },
            {
                "img": "images/ranks/rank-goal-5.png",
                "codes": "ranksRequired"
            },
            {
                "img": "images/ranks/rank-goal-6.png",
                "codes": "ranksRequired"
            },
            {
                "img": "images/ranks/rank-goal-7.png",
                "codes": "ranksRequired"
            },
            {
                "img": "images/ranks/rank-goal-8.png",
                "codes": "ranksRequired"
            }
        ]
    }
]
