[
	// ACDC Network Locations
	{
		"name": "ACDC Cyberworld",
		"children": [
			{
				"name": "ACDC 1 Southwest BMD",
				"map_locations": [
					{
						"map": "ACDCNet",
						"x": 185,
						"y": 299
					}
				],
				"sections": [
					{
						"name": "",
						"item_count": 1
					}
				]
			},
			{
				"name": "ACDC 1 Northeast BMD",
				"map_locations": [
					{
						"map": "ACDCNet",
						"x": 889,
						"y": 367
					}
				],
				"sections": [
					{
						"name": "",
						"item_count": 1
					}
				]
			},
			{
				"name": "ACDC 1 PMD",
				"map_locations": [
					{
						"map": "ACDCNet",
						"x": 635,
						"y": 522
					}
				],
				"sections": [
					{
						"name": "",
						"access_rules": [
							"WWW_ID"
						],
						"item_count": 1
					}
				]
			},
			{
				"name": "ACDC 2 Center BMD",
				"map_locations": [
					{
						"map": "ACDCNet",
						"x": 2115,
						"y": 506
					}
				],
				"sections": [
					{
						"name": "",
						"item_count": 1
					}
				]
			},
			{
				"name": "ACDC 2 North BMD",
				"map_locations": [
					{
						"map": "ACDCNet",
						"x": 2404,
						"y": 284
					}
				],
				"sections": [
					{
						"name": "",
						"item_count": 1
					}
				]
			},
			{
				"name": "ACDC 3 Southwest BMD",
				"map_locations": [
					{
						"map": "ACDCNet",
						"x": 937,
						"y": 1173
					}
				],
				"sections": [
					{
						"name": "",
						"item_count": 1
					}
				]
			},
			{
				"name": "ACDC 3 Northeast BMD",
				"map_locations": [
					{
						"map": "ACDCNet",
						"x": 1514,
						"y": 1014
					}
				],
				"sections": [
					{
						"name": "",
						"item_count": 1
					}
				]
			}
		]
	},
	//School Computers - NOT loose school checks. those are in the ACDC town locations.
	{
		"name": "School Comps",
		"children": [
			{
				"name": "School 1 Entrance BMD",
				"map_locations": [
					{
						"map": "ACDCSchool",
						"x": 273,
						"y": 445
					}
				],
				"sections": [
					{
						"name": "",
						"item_count": 1
					}
				]
			},
			{
				"name": "School 1 North Central BMD",
				"map_locations": [
					{
						"map": "ACDCSchool",
						"x": 656,
						"y": 276
					}
				],
				"sections": [
					{
						"name": "",
						"item_count": 1
					}
				]
			},
			{
				"name": "School 1 Far West BMD",
				"map_locations": [
					{
						"map": "ACDCSchool",
						"x": 173,
						"y": 412
					}
				],
				"sections": [
					{
						"name": "",
						"item_count": 1
					}
				]
			},
			{
				"name": "School 1 KeyDataA BMD",
				"map_locations": [
					{
						"map": "ACDCSchool",
						"x": 368,
						"y": 261
					}
				],
				"sections": [
					{
						"name": "",
						"item_count": 1
					}
				]
			},
			{
				"name": "School 1 KeyDataB BMD",
				"map_locations": [
					{
						"map": "ACDCSchool",
						"x": 609,
						"y": 510
					}
				],
				"sections": [
					{
						"name": "",
						"item_count": 1
					}
				]
			},
			{
				"name": "School 1 KeyDataC BMD",
				"map_locations": [
					{
						"map": "ACDCSchool",
						"x": 288,
						"y": 302
					}
				],
				"sections": [
					{
						"name": "",
						"item_count": 1
					}
				]
			},
			{
				"name": "School 2 Entrance BMD",
				"map_locations": [
					{
						"map": "ACDCSchool",
						"x": 1840,
						"y": 216
					}
				],
				"sections": [
					{
						"name": "",
						"item_count": 1
					}
				]
			},
			{
				"name": "School 2 South BMD",
				"map_locations": [
					{
						"map": "ACDCSchool",
						"x": 1516,
						"y": 622
					}
				],
				"sections": [
					{
						"name": "",
						"item_count": 1
					}
				]
			},
			{
				"name": "School 2 KeyDataA BMD",
				"map_locations": [
					{
						"map": "ACDCSchool",
						"x": 2014,
						"y": 518
					}
				],
				"sections": [
					{
						"name": "",
						"item_count": 1
					}
				]
			},
			{
				"name": "School 2 KeyDataB BMD",
				"map_locations": [
					{
						"map": "ACDCSchool",
						"x": 1546,
						"y": 524
					}
				],
				"sections": [
					{
						"name": "",
						"item_count": 1
					}
				]
			},
			{
				"name": "School 2 KeyDataC BMD",
				"map_locations": [
					{
						"map": "ACDCSchool",
						"x": 1852,
						"y": 150
					}
				],
				"sections": [
					{
						"name": "",
						"item_count": 1
					}
				]
			},
			{
				"name": "School 2 Mainframe BMD",
				"map_locations": [
					{
						"map": "ACDCSchool",
						"x": 1228,
						"y": 463
					}
				],
				"sections": [
					{
						"name": "",
						"item_count": 1
					}
				]
			}
		]
	},
	//Locations Around ACDC Town
	{
		"name": "ACDC Town Locations",
		"children": [
			{
				"name": "Doghouse BMD",
				"map_locations": [
					{
						"map": "ACDCTown",
						"x": 457,
						"y": 439
					}
				],
				"sections": [
					{
						"name": "",
						"item_count": 1
					}
				]
			},
			{
				"name": "Recov 120 S Trade",
				"map_locations": [
					{
						"map": "ACDCTown",
						"x": 1100,
						"y": 260
					}
				],
				"sections": [
					{
						"name": "",
						"access_rules": [
							"recov120"
						],
						"item_count": 1
					}
				]
			},
			{
				"name": "Security Panel BMD",
				"map_locations": [
					{
						"map": "ACDCTown",
						"x": 493,
						"y": 398
					}
				],
				"sections": [
					{
						"name": "",
						"item_count": 1
					}
				]
			},
			{
				"name": "Higsby's Shop",
				"map_locations": [
					{
						"map": "ACDCTown",
						"x": 820,
						"y": 255
					}
				],
				"sections": [
					{
						"name": "NumberMan Display BMD",
						"item_count": 1
					},
					{
						"name": "Gacha Codes 1-8",
						"clear_as_group": false,
						"item_count": 8
					},
					{
						"name": "Gacha Codes 9-16",
						"access_rules": [
							// 2+ explore score
							"[@2+ExploreScore]"
						],
						"clear_as_group": false,
						"item_count": 8
					},
					{
						"name": "Gacha Codes 17-24",
						"access_rules": [
							// 4+ explore score
							"[@4+ExploreScore]"
						],
						"clear_as_group": false,
						"item_count": 8
					},
					{
						"name": "Gacha Codes 25-28",
						"access_rules": [
							// 8+ explore score
							"[@8+ExploreScore]"
						],
						"clear_as_group": false,
						"item_count": 4
					},
					{
						"name": "Gacha Codes 29-31",
						"access_rules": [
							// 10+ explore score
							"[@10+ExploreScore]"
						],
						"clear_as_group": false,
						"item_count": 3
					}
				]
			},
			{
				"name": "ACDC Tank BMD",
				"map_locations": [
					{
						"map": "ACDCTown",
						"x": 1278,
						"y": 384
					}
				],
				"sections": [
					{
						"name": "",
						"item_count": 2
					}
				]
			},
			{
				"name": "ACDC School",
				"map_locations": [
					{
						"map": "ACDCTown",
						"x": 1029,
						"y": 209
					}
				],
				"sections": [
					{
						"name": "ACDC School Server BMDs",
						"item_count": 2
					},
					{
						"name": "ACDC School Desk",
						"item_count": 1
					},
					{
						"name": "Class 5B Bookshelf",
						"item_count": 1
					},
					{
						"name": "Class 5A Blackboard BMD",
						"item_count": 1
					},
					{
						"name": "SonicWave Trade",
						"access_rules": [
							"sonicwave"
						],
						"item_count": 1
					},
					{
						"name": "Bubbler Trade",
						"access_rules": [
							"bubbler"
						],
						"item_count": 1
					}
				]
			},
			{
				"name": "Mayls Homepage",
				"map_locations": [
					{
						"map": "ACDCTown",
						"x": 344,
						"y": 476
					}
				],
				"sections": [
					{
						"name": "Mayls HP BMD",
						"item_count": 1
					},
					{
						"name": "Mayls HP PMD",
						"item_count": 1
					}
				]
			},
			{
				"name": "Yai's House",
				"map_locations": [
					{
						"map": "ACDCTown",
						"x": 578,
						"y": 248
					}
				],
				"sections": [
					{
						"name": "Yais HP BMD",
						"item_count": 2
					},
					{
						"name": "Yai's Phone BMD",
						"item_count": 1
					}
				]
			},
			{
				"name": "Dexs HP BMD",
				"map_locations": [
					{
						"map": "ACDCTown",
						"x": 844,
						"y": 588
					}
				],
				"sections": [
					{
						"name": "",
						"item_count": 2
					}
				]
			}
		]
	},
	//Scilab network checks
	{
		"name": "SciLab Cyberworld",
		"access_rules": [
			"CSciPas",
			"SubPET"
		],
		"children": [
			{
				"name": "SciLab 1 East BMD",
				"map_locations": [
					{
						"map": "SciLabNet",
						"x": 804,
						"y": 1148
					}
				],
				"sections": [
					{
						"name": "",
						"item_count": 1
					}
				]
			},
			{
				"name": "SciLab 1 WWW BMD",
				"access_rules": ["WWW_ID"],
				"map_locations": [
					{
						"map": "SciLabNet",
						"x": 584,
						"y": 1228
					}
				],
				"sections": [
					{
						"name": "",
						"item_count": 1
					}
				]
			},
			{
				"name": "SciLab 2 South BMD",
				"map_locations": [
					{
						"map": "SciLabNet",
						"x": 1384,
						"y": 633
					}
				],
				"sections": [
					{
						"name": "",
						"item_count": 1
					}
				]
			},
			{
				"name": "SciLab 2 West BMD",
				"map_locations": [
					{
						"map": "SciLabNet",
						"x": 1105,
						"y": 261
					}
				],
				"sections": [
					{
						"name": "",
						"item_count": 1
					}
				]
			}
		]
	},
	//Scilab Overworld Checks
	{
		"name": "SciLab Overworld",
		"access_rules": [
			"SubPET"
		],
		"children": [
			{
				"name": "Garbage Can",
				"map_locations": [
					{
						"map": "SciLab",
						"x": 400,
						"y": 761
					}
				],
				"sections": [
					{
						"name": "",
						"item_count": 1
					}
				]
			},
			{
				"name": "Shake1 S Trade",
				"map_locations": [
					{
						"map": "SciLab",
						"x": 370,
						"y": 427
					}
				],
				"sections": [
					{
						"name": "",
						"access_rules": [
							"shake"
						],
						"item_count": 1
					}
				]
			},
			{
				"name": "Vending Machine BMD",
				"map_locations": [
					{
						"map": "SciLab",
						"x": 519,
						"y": 634
					}
				],
				"sections": [
					{
						"name": "",
						"item_count": 1
					}
				]
			},
			{
				"name": "Virus Lab Door BMDs",
				"map_locations": [
					{
						"map": "SciLab",
						"x": 642,
						"y": 391
					}
				],
				"sections": [
					{
						"name": "",
						"item_count": 2
					}
				]
			},
			{
				"name": "Dad's Computer",
				"map_locations": [
					{
						"map": "SciLab",
						"x": 1600,
						"y": 215
					}
				],
				"sections": [
					{
						"name": "BMD",
						"item_count": 1
					},
					{
						"name": "PMD",
						"item_count": 1
					}
				]
			},
			{
				"name": "Job Board (Scilab/ACDC access)",
				"map_locations": [
					{
						"map": "SciLab",
						"x": 720,
						"y": 409
					}
				],
				"sections": [
					{
						"name": "Job - Please deliver this",
						"item_count": 1
					},
					{
						"name": "Job - My Navi is sick",
						"item_count": 1,
						"access_rules": ["[recov30]"]
					},
					{
						"name": "Job - Chip Prices",
						"item_count": 1
					},
					{
						"name": "Job - Rare chips for cheap",
						"item_count": 1
					},
					{
						"name": "Job - Somebody please help",
						"item_count": 1
					},
					{
						"name": "Job - Please adopt a virus",
						"item_count": 1
					},
					{
						"name": "Job - Finding the blue Navi",
						"access_rules": [
							"Press"
						],
						"item_count": 1
					}
				]
			},
			{
				"name": "Job Board (Other regions)",
				"map_locations": [
					{
						"map": "SciLab",
						"x": 760,
						"y": 409
					}
				],
				"sections": [
					{
						"name": "Job - Help me with my son",
						"access_rules": [
							"Needle"
						],
						"item_count": 1
					},
					{
						"name": "Job - Transmission error",
						"access_rules": [
							"Needle"
						],
						"item_count": 1
					},
					{
						"name": "Job - Im broke",
						"access_rules": [
							"Needle"
						],
						"item_count": 1
					},
					{
						"name": "Job - Be my boyfriend",
						"access_rules": [
							// Can be updated once the Metro works "correctly"
							"CBeacPas,Needle",
							"CbeacPass,CYokaPas,Press"
						],
						"item_count": 1
					},
					{
						"name": "Job - Will you deliver",
						"access_rules": [
							"Needle,PETCase"
						],
						"item_count": 1
					},
					{
						"name": "Job - Looking for condor",
						"access_rules": [
							"Needle,PETCase"
						],
						"item_count": 1
					},
					{
						"name": "Job - Help with rehab",
						"access_rules": [
							"PETCase"
						],
						"item_count": 1
					},
					{
						"name": "Job - Old Master",
						"access_rules": [
							"PETCase"
						],
						"item_count": 1
					},
					{
						"name": "Job - Catching gang members",
						"access_rules": [
							"Needle,press",
							"CYokaPas,press"
						],
						"item_count": 1
					},
					{
						"name": "Job - Legendary Tomes",
						"access_rules": [
							"PETCase,[CBeacPas],[Press],magnum"
						],
						"item_count": 1
					},
					{
						"name": "Job - Legendary Tomes Treasure",
						"access_rules": [
							"PETCase,[CBeacPas],[Press],magnum"
						],
						"item_count": 1
					},
					{
						"name": "Job - Hide and Seek",
						"access_rules": [
							"Needle"
						],
						"clear_as_group": false,
						"item_count": 5
					},
					{
						"name": "Job - Give your support",
						"access_rules": [
							"PETCase"
						],
						"item_count": 1
					},
					{
						"name": "Job - Stamp collecting",
						"access_rules": [
							"PETCase,CBeacPas,Needle",
							"PETCase,CbeacPass,CYokaPas,press"
						],
						"item_count": 1
					},
					{
						"name": "Job - Help with a will",
						"access_rules": [
							"Needle,PETCase,[Press]"
						],
						"item_count": 1
					}
				]
			}
		]
	},
	//Yoka Cyberworld
	{
		"name": "Yoka Cyberworld",
		"access_rules": [
			"Needle",
			"CYokaPas"
		],
		"children": [
			{
				"name": "Yoka 1 North BMD",
				"access_rules": [
					"Needle,press",
					"CYokaPas"
				],
				"map_locations": [
					{
						"map": "YokaNet",
						"x": 634,
						"y": 180
					}
				],
				"sections": [
					{
						"name": "",
						"item_count": 1
					}
				]
			},
			{
				"name": "Yoka 1 WWW BMD",
				"map_locations": [
					{
						"map": "YokaNet",
						"x": 440,
						"y": 310
					}
				],
				"sections": [
					{
						"name": "",
						"access_rules": [
							"WWW_ID"
						],
						"item_count": 1
					}
				]
			},
			{
				"name": "Yoka 1 PMD",
				"map_locations": [
					{
						"map": "YokaNet",
						"x": 490,
						"y": 540
					}
				],
				"sections": [
					{
						"name": "",
						"access_rules": [
							"press"
						],
						"item_count": 1
					}
				]
			},
			{
				"name": "Yoka 2 Lower BMD",
				"access_rules": ["Needle","CYokaPas,press"],
				"map_locations": [
					{
						"map": "YokaNet",
						"x": 1465,
						"y": 360
					}
				],
				"sections": [
					{
						"name": "",
						"item_count": 1
					}
				]
			},
			{
				"name": "Yoka 2 Upper BMD",
				"map_locations": [
					{
						"map": "YokaNet",
						"x": 1370,
						"y": 253
					}
				],
				"sections": [
					{
						"name": "",
						"access_rules": [
							"press"
						],
						"item_count": 1
					}
				]
			},
			{
				"name": "Comedian",
				"access_rules": ["modtools,Needle","humor,Needle"],
				"map_locations": [
					{
						"map": "YokaNet",
						"x": 1529,
						"y": 407
					}
				],
				"sections": [
					{
						"name": "Navicust SJH1UEKA",
						"item_count": 1
					}
				]
			},
			{
				"name": "Tamako's HomePage",
				"access_rules": ["Needle", "CYokaPas,press"],
				"map_locations": [
					{
						"map": "Yoka",
						"x": 114,
						"y": 714
					}
				],
				"sections": [
					{
						"name": "PMD",
						"item_count": 1
					},
					{
						"name": "BMD",
						"item_count": 1
					}
				]
			}
		]
	},
	//Yoka Overworld
	{
		"name": "Yoka Overworld",
		"access_rules": [
			"Needle"
		],
		"children": [
			{
				"name": "Yoka Metroline",
				"map_locations": [
					{
						"map": "Yoka",
						"x": 700,
						"y": 760
					}
				],
				"sections": [
					{
						"name": "Yoka Chocolate Shop",
						"clear_as_group": false,
						"item_count": 32
					}
				]
			},
			{
				"name": "Yoka Inn",
				"map_locations": [
					{
						"map": "Yoka",
						"x": 210,
						"y": 715
					}
				],
				"sections": [
					{
						"name": "Mr. Quiz",
						"item_count": 1
					},
					{
						"name": "Quiz Master",
						"item_count": 1
					},
					{
						"name": "Jars",
						"item_count": 1
					},
					{
						"name": "TV BMD",
						"item_count": 1
					},
					{
						"name": "Armor BMD",
						"item_count": 1
					},
					{
						"name": "Hot Spring BMD",
						"item_count": 1
					}
				]
			},
			{
				"name": "Firesword P Trade",
				"map_locations": [
					{
						"map": "Yoka",
						"x": 277,
						"y": 757
					}
				],
				"sections": [
					{
						"name": "",
						"access_rules": ["firesword"],
						"item_count": 1
					}
				]
			},
			{
				"name": "Yoka Zoo - Garbage",
				"map_locations": [
					{
						"map": "Yoka",
						"x": 1109,
						"y": 85
					}
				],
				"sections": [
					{
						"name": "",
						"item_count": 1
					}
				]
			},
			{
				"name": "Yoka Zoo - Panda",
				"map_locations": [
					{
						"map": "Yoka",
						"x": 1350,
						"y": 416
					}
				],
				"sections": [
					{
						"name": "PMD",
						"item_count": 1
					},
					{
						"name": "BMD",
						"item_count": 1
					}
				]
			},
			{
				"name": "Yoka Zoo - Giraffe BMD",
				"map_locations": [
					{
						"map": "Yoka",
						"x": 1220,
						"y": 124
					}
				],
				"sections": [
					{
						"name": "",
						"item_count": 1
					}
				]
			},
			{
				"name": "Yoka Zoo - Ticket Machine BMD",
				"map_locations": [
					{
						"map": "Yoka",
						"x": 830,
						"y": 630
					}
				],
				"sections": [
					{
						"name": "",
						"item_count": 1
					}
				]
			}
		]
	},
	// For my own sanity, splitting Zoo comps into their own thing.
	{
		"name": "Yoka - Zoo Computers",
		"access_rules": [
			"Needle"
		],
		"children": [
			{
				"name": "Zoo 1 East BMD",
				"map_locations": [
					{
						"map": "ZooComps",
						"x": 864,
						"y": 497
					}
				],
				"sections": [
					{
						"name": "",
						"item_count": 1
					}
				]
			},
			{
				"name": "Zoo 1 North BMD",
				"map_locations": [
					{
						"map": "ZooComps",
						"x": 775,
						"y": 320
					}
				],
				"sections": [
					{
						"name": "",
						"item_count": 1
					}
				]
			},
			{
				"name": "Zoo 1 Central BMD",
				"map_locations": [
					{
						"map": "ZooComps",
						"x": 678,
						"y": 432
					}
				],
				"sections": [
					{
						"name": "",
						"item_count": 1
					}
				]
			},
			{
				"name": "Zoo 2 East BMD",
				"map_locations": [
					{
						"map": "ZooComps",
						"x": 2113,
						"y": 224
					}
				],
				"sections": [
					{
						"name": "",
						"item_count": 1
					}
				]
			},
			{
				"name": "Zoo 2 Central BMD",
				"map_locations": [
					{
						"map": "ZooComps",
						"x": 2040,
						"y": 350
					}
				],
				"sections": [
					{
						"name": "",
						"item_count": 1
					}
				]
			},
			{
				"name": "Zoo 2 West BMD",
				"map_locations": [
					{
						"map": "ZooComps",
						"x": 1220,
						"y": 541
					}
				],
				"sections": [
					{
						"name": "",
						"item_count": 1
					}
				]
			},
			{
				"name": "Zoo 3 North BMD",
				"map_locations": [
					{
						"map": "ZooComps",
						"x": 434,
						"y": 870
					}
				],
				"sections": [
					{
						"name": "",
						"item_count": 1
					}
				]
			},
			{
				"name": "Zoo 3 Central BMD",
				"map_locations": [
					{
						"map": "ZooComps",
						"x": 659,
						"y": 1144
					}
				],
				"sections": [
					{
						"name": "",
						"item_count": 1
					}
				]
			},
			{
				"name": "Zoo 3 Path BMD",
				"map_locations": [
					{
						"map": "ZooComps",
						"x": 617,
						"y": 904
					}
				],
				"sections": [
					{
						"name": "",
						"item_count": 1
					}
				]
			},
			{
				"name": "Zoo 3 Northwest BMD",
				"map_locations": [
					{
						"map": "ZooComps",
						"x": 244,
						"y": 932
					}
				],
				"sections": [
					{
						"name": "",
						"item_count": 1
					}
				]
			},
			{
				"name": "Zoo 4 West BMD",
				"map_locations": [
					{
						"map": "ZooComps",
						"x": 1203,
						"y": 1203
					}
				],
				"sections": [
					{
						"name": "",
						"item_count": 1
					}
				]
			},
			{
				"name": "Zoo 4 Northwest BMD",
				"map_locations": [
					{
						"map": "ZooComps",
						"x": 1204,
						"y": 1041
					}
				],
				"sections": [
					{
						"name": "",
						"item_count": 1
					}
				]
			},
			{
				"name": "Zoo 4 Southeast BMD",
				"map_locations": [
					{
						"map": "ZooComps",
						"x": 1920,
						"y": 1310
					}
				],
				"sections": [
					{
						"name": "",
						"item_count": 1
					}
				]
			}
		]
	},
	//Life's a beach, and then you die
	{
		"name": "Beach Cyberworld",
		"access_rules": [
			// Can be corrected to CbeacPass + any other pass/needle once metro works "correctly".
			"CBeacPas,CYokaPas",
			"CBeacPas,Needle",
			"[CBeacPas],[CYokaPas],press,CSciPas",
			"[CBeacPas],[CYokaPas],press,SubPET"
		],
		"children": [
			{
				"name": "Beach 1 BMD",
				"map_locations": [
					{
						"map": "BeachNet",
						"x": 320,
						"y": 1027
					}
				],
				"sections": [
					{
						"name": "",
						"item_count": 1
					}
				]
			},
			{
				"name": "Beach 1 PMD",
				"map_locations": [
					{
						"map": "BeachNet",
						"x": 768,
						"y": 800
					}
				],
				"sections": [
					{
						"name": "",
						"item_count": 1
					}
				]
			},
			{
				"name": "Beach 2 East BMD",
				"map_locations": [
					{
						"map": "BeachNet",
						"x": 1871,
						"y": 415
					}
				],
				"sections": [
					{
						"name": "",
						"access_rules": [
							"press"
						],
						"item_count": 1
					}
				]
			},
			{
				"name": "Beach 2 West BMD",
				"map_locations": [
					{
						"map": "BeachNet",
						"x": 1388,
						"y": 357
					}
				],
				"sections": [
					{
						"name": "",
						"item_count": 1
					}
				]
			},
			{
				"name": "Villain",
				"map_locations": [
					{
						"map": "BeachNet",
						"x": 1851,
						"y": 194
					}
				],
				"sections": [
					{
						"name": "",
						"item_count": 1
					}
				]
			},
			// placing this here since it's accessible at the same time as beach Square
			{
				"name": "Hospital 2 Island BMD",
				"map_locations": [
					{
						"map": "HospitalComps1-3",
						"x": 1676,
						"y": 291
					}
				],
				"sections": [
					{
						"name": "",
						"item_count": 1
					}
				]
			}
		]
	},
	//Beach Overworld
	{
		"name": "Beach Overworld",
		"access_rules": [
			"PETCase"
		],
		"children": [
			{
				"name": "DNN Station",
				"map_locations": [
					{
						"map": "Beach",
						"x": 1478,
						"y": 187
					}
				],
				"sections": [
					{
						"name": "Broadcast Computer PMD",
						"item_count": 1
					},
					{
						"name": "Battle Console BMD",
						"item_count": 1
					},
					{
						"name": "Security System BMD",
						"item_count": 1
					},
					{
						"name": "Security System PMD",
						"item_count": 1
					},
					{
						"name": "Shadow J Trade",
						"access_rules": [
							"shadow"
						],
						"item_count": 1
					},
					{
						"name": "HoleMetr H Trade",
						"access_rules": [
							"holemeteor"
						],
						"item_count": 1
					},
					{
						"name": "WideSwrd C Trade",
						"access_rules": [
							"widesword"
						],
						"item_count": 1
					},
					{
						"name": "DNN Boxes",
						"item_count": 1
					},
					{
						"name": "Broadcast Computer BMD",
						"item_count": 1
					},
					{
						"name": "DNN Kiosk",
						"item_count": 1
					},
					{
						"name": "DNN Poster",
						"item_count": 1
					},
					{
						"name": "Undernet 6 TV BMD",
						"item_count": 1
					}
				]
			},
			{
				"name": "Beach - Hospital",
				"map_locations": [
					{
						"map": "Beach",
						"x": 419,
						"y": 507
					}
				],
				"sections": [
					{
						"name": "2F Bed BMD",
						"item_count": 1
					},
					{
						"name": "1F Pink Door",
						"item_count": 1
					},
					{
						"name": "Quiz Queen",
						"item_count": 1
					},
					{
						"name": "3F Tree",
						"item_count": 1
					},
					{
						"name": "Vending Machine BMD",
						"item_count": 1
					},
					{
						"name": "DynaWav V Trade",
						"access_rules": [
							"dynawave"
						],
						"item_count": 1
					},
					{
						"name": "Basement - Hidden Conversation",
						"item_count": 1
					},
					{
						"name": "TV BMD",
						"item_count": 1
					}
				]
			},
			{
				"name": "Beach - News Van BMD",
				"map_locations": [
					{
						"map": "Beach",
						"x": 1664,
						"y": 259
					}
				],
				"sections": [
					{
						"name": "",
						"item_count": 1
					}
				]
			},
			{
				"name": "Beach Hospital Girl",
				"map_locations": [
					{
						"map": "Beach",
						"x": 93,
						"y": 594
					}
				],
				"sections": [
					{
						"name": "",
						"item_count": 1
					}
				]
			},
			{
				"name": "Hospital Plaque",
				"map_locations": [
					{
						"map": "Beach",
						"x": 545,
						"y": 545
					}
				],
				"sections": [
					{
						"name": "",
						"item_count": 1
					}
				]
			},
			{
				"name": "Beach Department Store",
				"map_locations": [
					{
						"map": "Beach",
						"x": 1026,
						"y": 256
					}
				],
				"sections": [
					{
						"name": "",
						"item_count": 1
					}
				]
			}
		]
	},
	// Hades Isle Checks
	{
		"name": "Hades Isle",
		"access_rules": [
			"PETCase"
		],
		"children": [
			{
				"name": "Hades Gargoyle BMD",
				"map_locations": [
					{
						"map": "HadesIsle",
						"x": 1015,
						"y": 605
					}
				],
				"sections": [
					{
						"name": "",
						"item_count": 1
					}
				]
			},
			{
				"name": "Hades Boat Dock",
				"map_locations": [
					{
						"map": "HadesIsle",
						"x": 366,
						"y": 790
					}
				],
				"sections": [
					{
						"name": "",
						"item_count": 1
					}
				]
			},
			{
				"name": "GrabBack K Trade",
				"map_locations": [
					{
						"map": "HadesIsle",
						"x": 810,
						"y": 825
					}
				],
				"sections": [
					{
						"name": "",
						"access_rules": [
							"grabback"
						],
						"item_count": 1
					}
				]
			},
			{
				"name": "Hades South BMD",
				"map_locations": [
					{
						"map": "HadesComp",
						"x": 664,
						"y": 689
					}
				],
				"sections": [
					{
						"name": "",
						"access_rules": [
							"press"
						],
						"item_count": 1
					}
				]
			},
			{
				"name": "Hades Quiz King",
				"map_locations": [
					{
						"map": "HadesIsle",
						"x": 1233,
						"y": 260
					}
				],
				"sections": [
					{
						"name": "",
						"item_count": 1
					}
				]
			}
		]
	},
	//Hospital Comps 
	{
		"name": "Beach - Hospital Comps",
		"access_rules": [
			"PETCase"
		],
		"children": [
			{
				"name": "Hospital 1 Center BMD",
				"map_locations": [
					{
						"map": "HospitalComps1-3",
						"x": 427,
						"y": 434
					}
				],
				"sections": [
					{
						"name": "",
						"item_count": 1
					}
				]
			},
			{
				"name": "Hospital 1 North BMD",
				"map_locations": [
					{
						"map": "HospitalComps1-3",
						"x": 571,
						"y": 267
					}
				],
				"sections": [
					{
						"name": "",
						"item_count": 1
					}
				]
			},
			{
				"name": "Hospital 1 West BMD",
				"map_locations": [
					{
						"map": "HospitalComps1-3",
						"x": 252,
						"y": 264
					}
				],
				"sections": [
					{
						"name": "",
						"item_count": 1
					}
				]
			},
			{
				"name": "Hospital 2 Central BMD",
				"map_locations": [
					{
						"map": "HospitalComps1-3",
						"x": 1611,
						"y": 326
					}
				],
				"sections": [
					{
						"name": "",
						"item_count": 1
					}
				]
			},
			{
				"name": "Hospital 2 Southwest BMD",
				"map_locations": [
					{
						"map": "HospitalComps1-3",
						"x": 1325,
						"y": 567
					}
				],
				"sections": [
					{
						"name": "",
						"item_count": 1
					}
				]
			},
			{
				"name": "Hospital 3 West BMD",
				"map_locations": [
					{
						"map": "HospitalComps1-3",
						"x": 648,
						"y": 1110
					}
				],
				"sections": [
					{
						"name": "",
						"item_count": 1
					}
				]
			},
			{
				"name": "Hospital 3 Central BMD",
				"map_locations": [
					{
						"map": "HospitalComps1-3",
						"x": 1310,
						"y": 1053
					}
				],
				"sections": [
					{
						"name": "",
						"item_count": 1
					}
				]
			},
			{
				"name": "Hospital 3 Northwest BMD",
				"map_locations": [
					{
						"map": "HospitalComps1-3",
						"x": 614,
						"y": 928
					}
				],
				"sections": [
					{
						"name": "",
						"item_count": 1
					}
				]
			},
			{
				"name": "Hospital 4 North BMD",
				"map_locations": [
					{
						"map": "HospitalComps4-5",
						"x": 810,
						"y": 174
					}
				],
				"sections": [
					{
						"name": "",
						"item_count": 1
					}
				]
			},
			{
				"name": "Hospital 4 Central BMD",
				"map_locations": [
					{
						"map": "HospitalComps4-5",
						"x": 433,
						"y": 367
					}
				],
				"sections": [
					{
						"name": "",
						"item_count": 1
					}
				]
			},
			{
				"name": "Hospital 4 Southeast BMD",
				"map_locations": [
					{
						"map": "HospitalComps4-5",
						"x": 844,
						"y": 509
					}
				],
				"sections": [
					{
						"name": "",
						"item_count": 1
					}
				]
			},
			{
				"name": "Hospital 5 Island BMD",
				"map_locations": [
					{
						"map": "HospitalComps4-5",
						"x": 1587,
						"y": 588
					}
				],
				"sections": [
					{
						"name": "",
						"item_count": 1
					}
				]
			},
			{
				"name": "Hospital 5 Northeast BMD",
				"map_locations": [
					{
						"map": "HospitalComps4-5",
						"x": 2099,
						"y": 206
					}
				],
				"sections": [
					{
						"name": "",
						"item_count": 1
					}
				]
			},
			{
				"name": "Hospital 5 Southwest BMD",
				"map_locations": [
					{
						"map": "HospitalComps4-5",
						"x": 1524,
						"y": 556
					}
				],
				"sections": [
					{
						"name": "",
						"item_count": 1
					}
				]
			}
		]
	},
	//Undernet, regular (Pre-drillman access)
	{
		"name": "Undernet",
		"access_rules": [
			"[press],[CBeacPas],CSciPas,[@8+ExploreScore]",
			"[press],[CBeacPas],SubPET,[@8+ExploreScore]",
			"press, CBeacPas,[@8+ExploreScore]"
		],
		"children": [
			{
				"name": "Undernet 1 South BMD",
				"map_locations": [
					{
						"map": "Undernet1-4",
						"x": 571,
						"y": 600
					}
				],
				"sections": [
					{
						"name": "",
						"item_count": 1
					}
				]
			},
			{
				"name": "Undernet 1 WWW BMD",
				"map_locations": [
					{
						"map": "Undernet1-4",
						"x": 97,
						"y": 199
					}
				],
				"sections": [
					{
						"name": "",
						"access_rules": [
							"WWW_ID"
						],
						"item_count": 1
					}
				]
			},
			{
				"name": "Undernet 2 Lower BMD",
				"map_locations": [
					{
						"map": "Undernet1-4",
						"x": 1707,
						"y": 709
					}
				],
				"sections": [
					{
						"name": "",
						"item_count": 1
					}
				]
			},
			{
				"name": "Undernet 2 Upper BMD",
				"map_locations": [
					{
						"map": "Undernet1-4",
						"x": 2057,
						"y": 503
					}
				],
				"sections": [
					{
						"name": "",
						"item_count": 1
					}
				]
			},
			{
				"name": "Undernet 3 South BMD",
				"map_locations": [
					{
						"map": "Undernet1-4",
						"x": 225,
						"y": 1640
					}
				],
				"sections": [
					{
						"name": "",
						"item_count": 1
					}
				]
			},
			{
				"name": "Undernet 3 Central BMD",
				"map_locations": [
					{
						"map": "Undernet1-4",
						"x": 706,
						"y": 1371
					}
				],
				"sections": [
					{
						"name": "",
						"item_count": 1
					}
				]
			},
			{
				"name": "Undernet 4 Pillar Prog",
				"map_locations": [
					{
						"map": "Undernet1-4",
						"x": 1580,
						"y": 1504
					}
				],
				"sections": [
					{
						"name": "",
						"item_count": 1
					}
				]
			},
			{
				"name": "Undernet 4 Top North BMD",
				"map_locations": [
					{
						"map": "Undernet1-4",
						"x": 1740,
						"y": 1029
					}
				],
				"sections": [
					{
						"name": "",
						"item_count": 1
					}
				]
			},
			{
				"name": "Undernet 4 Bottom West BMD",
				"map_locations": [
					{
						"map": "Undernet1-4",
						"x": 1131,
						"y": 1237
					}
				],
				"sections": [
					{
						"name": "",
						"item_count": 1
					}
				]
			},
			{
				"name": "Undernet 4 Top Pillar BMD",
				"map_locations": [
					{
						"map": "Undernet1-4",
						"x": 1547,
						"y": 1059
					}
				],
				"sections": [
					{
						"name": "",
						"item_count": 1
					}
				]
			},
			{
				"name": "Undernet 5 Upper BMD",
				"map_locations": [
					{
						"map": "Undernet5-7",
						"x": 106,
						"y": 515
					}
				],
				"sections": [
					{
						"name": "",
						"item_count": 1
					}
				]
			}
		]
	},
	// Deep Undernet
	{
		"name": "Deep Undernet",
		"access_rules": [
			"CSciPas",
			"SubPET",
			"press,CBeacPas"
		],
		"children": [
			{
				"name": "Undernet 5 Lower BMD",
				"map_locations": [
					{
						"map": "Undernet5-7",
						"x": 696,
						"y": 226
					}
				],
				"sections": [
					{
						"name": "",
						"item_count": 1
					}
				]
			},
			{
				"name": "Undernet 6 East BMD",
				"map_locations": [
					{
						"map": "Undernet5-7",
						"x": 2045,
						"y": 635
					}
				],
				"sections": [
					{
						"name": "",
						"item_count": 1
					}
				]
			},
			{
				"name": "Undernet 6 Central BMD",
				"map_locations": [
					{
						"map": "Undernet5-7",
						"x": 1564,
						"y": 334
					}
				],
				"sections": [
					{
						"name": "",
						"item_count": 1
					}
				]
			},
			{
				"name": "Undernet 7 PMD",
				"map_locations": [
					{
						"map": "Undernet5-7",
						"x": 1527,
						"y": 900
					}
				],
				"sections": [
					{
						"name": "NOT CURRENTLY RANDOMIZED",
						"item_count": 1
					}
				]
			},
			{
				"name": "Undernet 7 West BMD",
				"map_locations": [
					{
						"map": "Undernet5-7",
						"x": 602,
						"y": 1269
					}
				],
				"sections": [
					{
						"name": "",
						"item_count": 1
					}
				]
			},
			{
				"name": "Undernet 7 Northeast BMD",
				"map_locations": [
					{
						"map": "Undernet5-7",
						"x": 1414,
						"y": 1350
					}
				],
				"sections": [
					{
						"name": "NOT CURRENTLY RANDOMIZED",
						"item_count": 1
					}
				]
			},
			{
				"name": "Undernet 7 Northwest BMD",
				"map_locations": [
					{
						"map": "Undernet5-7",
						"x": 841,
						"y": 1051
					}
				],
				"sections": [
					{
						"name": "NOT CURRENTLY RANDOMIZED",
						"item_count": 1
					}
				]
			},
			{
				"name": "Undernet 7 Upper BMD",
				"map_locations": [
					{
						"map": "Undernet5-7",
						"x": 1083,
						"y": 1190
					}
				],
				"sections": [
					{
						"name": "",
						"item_count": 1
					}
				]
			}
		]
	},
	// World 3 island - Time to win!
	{
		"name": "WWW island",
		"access_rules": [
			"$hasEnoughRanks, PETCase"
		],
		"children": [
			{
				"name": "WWW 1 East BMD",
				"map_locations": [
					{
						"map": "WWWAreas",
						"x": 567,
						"y": 530
					}
				],
				"sections": [
					{
						"name": "",
						"item_count": 1
					}
				]
			},
			{
				"name": "WWW 1 West BMD",
				"map_locations": [
					{
						"map": "WWWAreas",
						"x": 120,
						"y": 373
					}
				],
				"sections": [
					{
						"name": "",
						"item_count": 1
					}
				]
			},
			{
				"name": "WWW 1 Central BMD",
				"map_locations": [
					{
						"map": "WWWAreas",
						"x": 419,
						"y": 415
					}
				],
				"sections": [
					{
						"name": "",
						"item_count": 1
					}
				]
			},
			{
				"name": "WWW 1 South BMD",
				"map_locations": [
					{
						"map": "WWWAreas",
						"x": 475,
						"y": 586
					}
				],
				"sections": [
					{
						"name": "WWW ID Data A",
						"item_count": 1
					}
				]
			},
			{
				"name": "WWW 2 East BMD",
				"map_locations": [
					{
						"map": "WWWAreas",
						"x": 1880,
						"y": 395
					}
				],
				"sections": [
					{
						"name": "",
						"item_count": 1
					}
				]
			},
			{
				"name": "WWW 2 Northwest BMD",
				"map_locations": [
					{
						"map": "WWWAreas",
						"x": 1434,
						"y": 207
					}
				],
				"sections": [
					{
						"name": "",
						"item_count": 1
					}
				]
			},
			{
				"name": "WWW 2 West BMD",
				"map_locations": [
					{
						"map": "WWWAreas",
						"x": 1210,
						"y": 481
					}
				],
				"sections": [
					{
						"name": "WWW ID Data B",
						"item_count": 1
					}
				]
			},
			{
				"name": "WWW 3 East BMD",
				"map_locations": [
					{
						"map": "WWWAreas",
						"x": 836,
						"y": 1327
					}
				],
				"sections": [
					{
						"name": "",
						"item_count": 1
					}
				]
			},
			{
				"name": "WWW 3 North BMD",
				"map_locations": [
					{
						"map": "WWWAreas",
						"x": 576,
						"y": 1006
					}
				],
				"sections": [
					{
						"name": "",
						"item_count": 1
					}
				]
			},
			{
				"name": "WWW 3 South BMD",
				"map_locations": [
					{
						"map": "WWWAreas",
						"x": 229,
						"y": 1438
					}
				],
				"sections": [
					{
						"name": "WWW 3 ID Data C",
						"item_count": 1
					}
				]
			},
			{
				"name": "WWW 4 Central BMD",
				"map_locations": [
					{
						"map": "WWWAreas",
						"x": 1577,
						"y": 1208
					}
				],
				"sections": [
					{
						"name": "",
						"item_count": 1
					}
				]
			},
			{
				"name": "WWW 4 Northwest BMD",
				"map_locations": [
					{
						"map": "WWWAreas",
						"x": 1355,
						"y": 1003
					}
				],
				"sections": [
					{
						"name": "",
						"item_count": 1
					}
				]
			},
			{
				"name": "WWW 4 East BMD",
				"map_locations": [
					{
						"map": "WWWAreas",
						"x": 2062,
						"y": 1259
					}
				],
				"sections": [
					{
						"name": "WWW ID Data D",
						"item_count": 1
					}
				]
			},
			{
				"name": "Alpha Defeated",
				"map_locations": [
					{
						"map": "WWWIsle",
						"x": 893,
						"y": 245
					}
				],
				"sections": [
					{
						"name": "",
						"hosted_item": "Alpha"
					}
				]
			},
			{
				"name": "WWW Control Room 1",
				"map_locations": [
					{
						"map": "WWWIsle",
						"x": 245,
						"y": 851
					}
				],
				"sections": [
					{
						"name": "Screen",
						"item_count": 1
					}
				]
			},
			{
				"name": "Wiley's Office",
				"map_locations": [
					{
						"map": "WWWIsle",
						"x": 758,
						"y": 569
					}
				],
				"sections": [
					{
						"name": "Desk Item",
						"item_count": 1
					}
				]
			},
			{
				"name": "WWW Wall BMD",
				"map_locations": [
					{
						"map": "WWWIsle",
						"x": 1225,
						"y": 1078
					}
				],
				"sections": [
					{
						"name": "",
						"item_count": 1
					}
				]
			}
		]
	},
	// Logic tracking
	{
		"name": "2+ExploreScore",
		"access_rules": [
			"CSciPas", // 2
			"CYokaPas,CBeacPas", // 1+1
			// "CBeacPas,Press", // 1+2, UNDERNET DOESN'T COUNT UNTIL 8+
			"Needle", // 3, overlaps 1 w/ CYokaPas
			"PETCase", // 3
			"SubPET" // 5, overlaps 2 w/CSciPas
		]
	},
	{
		"name": "4+ExploreScore",
		"access_rules": [
			"CSciPas,CYokaPas,CBeacPas", // 2+1+1
			// "CSciPas,CBeacPas,Press", // 2+1+2 UNDERNET DOESN'T COUNT UNTIL 8+
			"SubPET", // 5, overlaps 3 w/CSciPas
			"Needle,CSciPas", // 3 + 2
			"Needle,CBeacPas", // 3 + 1
			"PETCase,CSciPas", // 3 + 2
			"PETCase,CYokaPas" // 3 + 1
		]
	},
	{
		"name": "8+ExploreScore",
		"access_rules": [
			"SubPET,Needle",
			"SubPET,PETCase",
			"Needle,PETCase,CSciPas", // 3 + 3 + 2
			"Needle,PETCase,CBeacPas,Press", // 3 + 3 + 1 + 2
			"Needle,CSciPas,CBeacPas,Press", // 3 + 2 + 1 + 2
			"PETCase,CSciPas,CBeacPas,Press" // 3 + 2 + 1 + 1 + 2
		]
	},
	{
		"name": "10+ExploreScore",
		"access_rules": [
			"SubPET,Needle,PETCase", // 5 + 3 + 3
			"SubPET,Needle,CBeacPas,Press", // 5 + 3 + 1 + 2
			"Needle,PETCase,CBeacPas,Press,CSciPas", // 3 + 3 + 1 + 2 + 2
			"$hasEnoughRanks,PETCase" // 999 + 3
		]
	}
]
