[   {
        "name": "ModTools",
        "type": "toggle",
        "img": "images/items/ModTools.png",
      	"codes": "ModTools"
	},
	{
		"name": "Navicust Memory Expansion",
		"type": "progressive",
		"stages": [
            {
				"img": "images/items/ExpMem.png",
                "codes": "Expmem"
			},
			{
				"img": "images/items/ExpMem2.png",
                "codes": "Expmem"
			}
		]
    },
	{
		"name": "Spin White",
		"type": "toggle",
		"img": "images/items/SpinWht.png",
		"codes": "SpinWht"
	},
	{
		"name": "Spin Pink",
		"type": "toggle",
		"img": "images/items/SpinPnk.png",
		"codes": "SpinPnk"
	},
	{
		"name": "Spin Yellow",
		"type": "toggle",
		"img": "images/items/SpinYllw.png",
		"codes": "SpinYllw"
	},
	{
		"name": "Spin Red",
		"type": "toggle",
		"img": "images/items/SpinRed.png",
		"codes": "SpinRed"
	},
	{
		"name": "Spin Blue",
		"type": "toggle",
		"img": "images/items/SpinBlue.png",
		"codes": "SpinBlue"
	},
	{
		"name": "Spin Green",
		"type": "toggle",
		"img": "images/items/SpinGrn.png",
		"codes": "SpinGrn"
	},
	{
		"name": "Spin Orange",
		"type": "toggle",
		"img": "images/items/SpinOrange.png",
		"codes": "SpinOrange"
	},
	{
		"name": "Spin Purple",
		"type": "toggle",
		"img": "images/items/SpinPurple.png",
		"codes": "SpinPurple"
	},
	{
		"name": "Spin Dark",
		"type": "toggle",
		"img": "images/items/SpinDark.png",
		"codes": "SpinDark"
	}
]